patch,pool_size,optimized_pool,score,marginal_gain
16.05,1,Ahri,0.5163188615418591,
16.05,2,"Ahri, Vel'Koz",0.5264513160059442,0.010132454464085061
16.05,3,"Ahri, Vel'Koz, Vex",0.5356563510496489,0.009205035043704735
16.05,4,"Ahri, Vel'Koz, Vex, Xerath",0.5407146739386846,0.005058322889035627
16.05,5,"Ahri, Brand, Vel'Koz, Vex, Xerath",0.5437245108658586,0.0030098369271740477
16.05,6,"Ahri, Vel'Koz, Vex, Xerath, Brand, Naafiri",0.5456220881066035,0.0018975772407449076
16.05,7,"Ahri, Vel'Koz, Vex, Xerath, Brand, Naafiri, Veigar",0.5472285698291438,0.0016064817225402983
16.05,8,"Ahri, Vel'Koz, Vex, Xerath, Brand, Naafiri, Veigar, Malzahar",0.5484021132071413,0.0011735433779974658
